date	rf	mktrf	smb	hml	umd	rmw	cma
1/30/2015	0	-0.0309	-0.0093	-0.0345	0.0374	0.0158	-0.0164
2/27/2015	0	0.0614	0.0036	-0.0179	-0.031	-0.011	-0.0175
3/31/2015	0	-0.0109	0.0308	-0.0038	0.027	0.0007	-0.0062
4/30/2015	0	0.006	-0.0301	0.018	-0.0727	0.0005	-0.0062
5/29/2015	0	0.0138	0.0082	-0.0111	0.0568	-0.0176	-0.0083
6/30/2015	0	-0.0154	0.029	-0.0082	0.0301	0.0035	-0.0154
7/31/2015	0	0.0157	-0.0458	-0.0416	0.0997	0.0031	-0.0244
8/31/2015	0	-0.0602	0.0029	0.0275	-0.0216	0.0066	0.0129
9/30/2015	0	-0.0306	-0.028	0.0055	0.0524	0.018	-0.0059
10/30/2015	0	0.0775	-0.0206	-0.0047	-0.0319	0.0095	0.0061
11/30/2015	0	0.0057	0.033	-0.0043	0.0229	-0.0265	-0.0106
12/31/2015	0.0001	-0.0215	-0.0295	-0.0257	0.0334	0.0034	0.0012
1/29/2016	0.0001	-0.0574	-0.0344	0.0208	0.016	0.0278	0.0305
2/29/2016	0.0002	-0.0007	0.0087	-0.0061	-0.0435	0.0331	0.0194
3/31/2016	0.0002	0.0695	0.01	0.0122	-0.0504	0.0068	0.0001
4/29/2016	0.0001	0.0091	0.0123	0.0322	-0.0598	-0.0285	0.0177
5/31/2016	0.0001	0.0178	-0.0062	-0.0162	0.0147	-0.011	-0.0254
6/30/2016	0.0002	-0.0003	0.0042	-0.0149	0.042	0.0145	0.019
7/29/2016	0.0002	0.0394	0.0247	-0.0124	-0.0331	0.0131	-0.0116
8/31/2016	0.0002	0.0049	0.0166	0.0317	-0.0341	-0.0185	-0.0036
9/30/2016	0.0002	0.0027	0.0181	-0.0119	0.0026	-0.0218	0.0003
10/31/2016	0.0002	-0.0201	-0.0402	0.0411	0.0051	0.0099	0.0025
11/30/2016	0.0001	0.0485	0.0696	0.0829	-0.0477	-0.0024	0.0371
12/30/2016	0.0003	0.0181	0.0044	0.0347	-0.0027	0.0124	-0.0032
1/31/2017	0.0004	0.0194	-0.0144	-0.0276	-0.0093	-0.0051	-0.0106
2/28/2017	0.0004	0.0355	-0.023	-0.015	-0.0151	0.0045	-0.018
3/31/2017	0.0003	0.0017	0.0075	-0.0333	-0.0097	0.0063	-0.0095
4/28/2017	0.0005	0.0108	0.0041	-0.0205	0.0048	0.0179	-0.016
5/31/2017	0.0006	0.0107	-0.0299	-0.0382	0.015	0.0099	-0.0166
6/30/2017	0.0006	0.0078	0.0252	0.015	-0.001	-0.0226	0.0004
7/31/2017	0.0007	0.0188	-0.0164	-0.0023	0.0163	-0.0075	-0.0015
8/31/2017	0.0009	0.0018	-0.0183	-0.0213	0.0331	0.002	-0.0238
9/29/2017	0.0009	0.0249	0.0476	0.0315	-0.0135	-0.0154	0.0163
10/31/2017	0.0009	0.0225	-0.0191	0.0013	0.0421	0.0092	-0.0314
11/30/2017	0.0008	0.0312	-0.0038	-0.0009	-0.0094	0.0319	-0.001
12/29/2017	0.0009	0.0106	-0.0105	0.0005	-0.0155	0.0073	0.0179
1/31/2018	0.0011	0.0558	-0.0321	-0.0132	0.0408	-0.0075	-0.0105
2/28/2018	0.0011	-0.0364	0.0034	-0.011	0.0368	0.0053	-0.0236
3/29/2018	0.0012	-0.0235	0.0361	-0.0021	-0.012	-0.0041	0.0008
4/30/2018	0.0014	0.0029	0.0089	0.0053	0.0045	-0.0242	0.0124
5/31/2018	0.0014	0.0263	0.0471	-0.0314	0.0391	-0.0198	-0.0149
6/29/2018	0.0014	0.0049	0.0077	-0.0233	-0.0226	0.0083	0.002
7/31/2018	0.0016	0.032	-0.0193	0.0049	-0.0143	0.0153	0.0031
8/31/2018	0.0016	0.0346	0.0065	-0.0391	0.053	-0.0029	-0.0257
9/28/2018	0.0015	0.0006	-0.0249	-0.0162	-0.0008	0.0065	0.0136
10/31/2018	0.0019	-0.0764	-0.0438	0.0338	-0.0206	0.0103	0.036
11/30/2018	0.0018	0.0171	-0.0081	0.0036	-0.014	-0.0061	0.004
12/31/2018	0.0019	-0.0955	-0.0281	-0.0192	0.0176	-0.0003	0.0024
1/31/2019	0.0021	0.0836	0.0291	-0.0039	-0.0862	-0.0073	-0.0165
2/28/2019	0.0018	0.0342	0.0172	-0.0266	0.005	0.0016	-0.0154
3/29/2019	0.0019	0.011	-0.0352	-0.0414	0.0224	0.0088	-0.009
4/30/2019	0.0021	0.0397	-0.0115	0.0213	-0.0291	0.0161	-0.0218
5/31/2019	0.0021	-0.0692	-0.0156	-0.0245	0.0755	-0.0048	0.0176
6/28/2019	0.0018	0.0699	0.0019	-0.0064	-0.0224	0.0045	-0.0055
7/31/2019	0.0019	0.0122	-0.0182	0.005	0.0292	-0.0013	0.0037
8/30/2019	0.0016	-0.0255	-0.0325	-0.0477	0.0751	0.0053	-0.0062
9/30/2019	0.0018	0.0142	0.0029	0.0676	-0.0674	0.0182	0.0338
10/31/2019	0.0015	0.0207	0.0025	-0.0192	0.0013	0.0043	-0.0103
11/29/2019	0.0012	0.0387	0.0039	-0.02	-0.0263	-0.0164	-0.0114
12/31/2019	0.0014	0.0276	0.0099	0.0173	-0.0222	0.0005	0.0119
1/31/2020	0.0013	-0.0009	-0.0437	-0.0622	0.0602	-0.0119	-0.0219
2/28/2020	0.0012	-0.0815	0.0008	-0.0382	-0.0028	-0.0143	-0.0253
3/31/2020	0.0012	-0.1335	-0.0818	-0.1383	0.0821	-0.0161	0.0119
4/30/2020	0	0.1358	0.0257	-0.0134	-0.0548	0.0276	-0.0102
5/29/2020	0.0001	0.0559	0.0192	-0.05	0.0016	0.0096	-0.0316
6/30/2020	0.0001	0.0244	0.0195	-0.0217	-0.0083	0.0014	0.0055
7/31/2020	0.0001	0.0583	-0.0319	-0.0144	0.0771	0.0038	0.0097
8/31/2020	0.0001	0.0762	-0.0089	-0.0302	0.0046	0.0427	-0.0151
9/30/2020	0.0001	-0.0364	-0.0001	-0.0272	0.0319	-0.0138	-0.0193
10/30/2020	0.0001	-0.0208	0.0467	0.0425	-0.0314	-0.0077	-0.0057
11/30/2020	0.0001	0.1244	0.0712	0.0209	-0.1255	-0.0225	0.0128
12/31/2020	0.0001	0.0463	0.0493	-0.0168	-0.0237	-0.0197	-0.0006
1/29/2021	0	-0.0007	0.0681	0.0322	0.0431	-0.0365	0.0497
2/26/2021	0	0.0281	0.045	0.072	-0.079	0.0033	-0.0199
3/31/2021	0	0.0316	-0.0084	0.0735	-0.0612	0.0635	0.0352
4/30/2021	0	0.0497	-0.0316	-0.0102	0.0123	0.0243	-0.0272
5/28/2021	0	0.0029	0.0127	0.0704	0.0056	0.0234	0.0301
6/30/2021	0	0.0273	-0.003	-0.0786	0.0207	-0.0214	-0.0093
7/30/2021	0	0.0134	-0.0455	-0.0179	-0.0218	0.055	-0.0059
8/31/2021	0	0.0295	-0.0066	-0.0023	0.0263	-0.0026	-0.0172
9/30/2021	0	-0.044	0.0112	0.0512	0.0139	-0.0192	0.02
10/29/2021	0	0.0663	-0.027	-0.0053	0.0332	0.0171	-0.0154
11/30/2021	0	-0.0158	-0.017	-0.0037	0.0096	0.0719	0.017
12/31/2021	0.0001	0.0324	-0.0078	0.0325	-0.0239	0.0488	0.0429
1/31/2022	0	-0.0615	-0.0401	0.1286	-0.0242	0.0077	0.0773
2/28/2022	0	-0.0228	0.0286	0.0306	0.0166	-0.0203	0.0303
3/31/2022	0	0.0308	-0.0211	-0.019	0.0294	-0.015	0.0321
4/29/2022	0	-0.0941	-0.0035	0.0618	0.05	0.0341	0.0592
5/31/2022	0.0003	-0.0033	-0.0003	0.0844	0.0254	0.0155	0.0395
6/30/2022	0.0006	-0.084	0.0133	-0.06	0.0109	0.0176	-0.0458
7/29/2022	0.0008	0.0957	0.0178	-0.0415	-0.0436	0.0077	-0.0685
8/31/2022	0.0019	-0.0377	0.0149	0.0018	0.0185	-0.0478	0.0132
9/30/2022	0.0019	-0.0934	-0.0097	0.0003	0.0367	-0.0137	-0.0077
10/31/2022	0.0023	0.0786	0.0181	0.0797	0.039	0.0327	0.0643
11/30/2022	0.0029	0.0469	-0.0275	0.0148	-0.017	0.063	0.0315
12/30/2022	0.0033	-0.0638	-0.0019	0.0134	0.0491	0.0032	0.0428
1/31/2023	0.0035	0.0659	0.0439	-0.0394	-0.1617	-0.0242	-0.0443
2/28/2023	0.0034	-0.0257	0.0058	-0.008	0.0055	0.0097	-0.0151
3/31/2023	0.0036	0.0249	-0.0689	-0.0905	-0.0235	0.0227	-0.021
4/28/2023	0.0035	0.0063	-0.0257	-0.0012	0.0176	0.0242	0.0285
5/31/2023	0.0036	0.0033	-0.0043	-0.0779	-0.0088	-0.0178	-0.0708
6/30/2023	0.004	0.0646	0.0128	-0.0013	-0.0269	0.0232	-0.0154
7/31/2023	0.0045	0.0321	0.0286	0.0406	-0.0406	-0.0059	0.0066
8/31/2023	0.0045	-0.0236	-0.0365	-0.0115	0.0378	0.0335	-0.0241
9/29/2023	0.0043	-0.0523	-0.0178	0.0149	0.0033	0.0187	-0.0077
10/31/2023	0.0047	-0.0315	-0.0403	0.002	0.0167	0.0241	-0.0069
11/30/2023	0.0044	0.0888	-0.002	0.0167	0.0256	-0.0373	-0.0108
12/29/2023	0.0043	0.0486	0.0727	0.0489	-0.0553	-0.0297	0.0129
1/31/2024	0.0047	0.0073	-0.0572	-0.0238	0.0542	0.0067	-0.0097
2/29/2024	0.0042	0.0507	-0.0082	-0.0343	0.049	-0.0206	-0.0217
3/28/2024	0.0043	0.0284	-0.0121	0.0416	-0.0032	0.0133	0.0114
4/30/2024	0.0047	-0.0465	-0.0259	-0.0045	-0.0043	0.0114	-0.0031
5/31/2024	0.0044	0.0432	0.0059	-0.0131	-0.0016	0.0317	-0.0285
6/28/2024	0.0041	0.028	-0.0432	-0.0336	0.0085	0.0056	-0.018
7/31/2024	0.0045	0.0122	0.0834	0.0562	-0.0235	0.0026	0.0028
8/30/2024	0.0048	0.0161	-0.0355	-0.011	0.0481	0.0076	0.0082
9/30/2024	0.004	0.0173	-0.0092	-0.0276	-0.0062	0.002	-0.0029
10/31/2024	0.0039	-0.01	-0.0089	0.0086	0.03	-0.0148	0.0098
11/29/2024	0.004	0.0649	0.0459	0.0015	0.01	-0.0231	-0.0205
12/31/2024	0.0037	-0.0315	-0.0383	-0.03	-0.003	0.0189	-0.0121
